Image_ID,Pothole_Probability
nRhHxqLhDlJsiXc,0
gbSntVovxgHQrmO,1
nqOobGmvgEOiPms,0
oIkPTooLcIbZKlF,1
eSKxsTTJDQzkjgD,1
fGOKonqqErFfiuK,1
UZPfNzWrCgFaaNz,0
kvesbcrtTOohiLT,1
cdEZEDZaveknkKa,0
GaSSOeqyIktsAmW,0
HPeQFgWaAXYUudP,0
QCiNkpJJqhUrhJw,1
ZghFqBtZjgFNhEd,1
IypiZpxWuQzqFtX,0
MpjOfMFyHcLtxEe,0
jtyOoBrAZpMYhPd,0
xKSvNuUFXtfsxcL,1
PxzQoNBqWwxhxHU,0
eBIGOMITtVDxgco,1
YGldCVpEhmDhCfB,1
YsIrfIbUTFAVLuA,0
BADSMkRmwapihnH,1
zRjjLRTcHldvsDO,1
uxiNbcCqYnHBdoT,0
MEPpiRYJgJLRYpW,0
YIUlgjNqemMwGtW,1
jBduUjHTqYJvtVv,1
yXCylbJUfTvbPcj,1
OcTWRvWjeDQRbVu,1
UIRJNpxPYfnOkVk,0
liaachxlQBtQtrt,0
FRoaAYgXCZAbqhT,1
XpVRWdOwHqgrAwd,1
jesIJJxSBMDKKkU,1
mQTgbtIqRFbiHKR,1
kYCaCaWHAwiixcL,0
dRjdzOaYOPfIXqT,1
kqiEGxhjuxITUrt,0
MGIEIPuEyTyUKoG,1
KChuIIZYEbXokqa,0
nOXmmOnZRUrsMsN,1
blahbLZUXmUQjfs,1
rgLzgwLcEsqQoFB,1
eIVcQkttSPownJW,1
ZSfWLxjUSwJFMHj,0
oBzJltkaseFBkGv,1
pNtLdgurKfkyZGk,1
DvwHNDZgHvhExzq,1
VVEizBVchRknozY,1
SwtfDkGcdFdwKhn,0
SzRvJnmKavZsRDr,1
ntRzuMHumxJhCbk,1
NVnfyexBrFknKnQ,0
VEkCOPvKkAuXpmm,1
DRCxXJxxcewFNiy,1
hbpVKqpWQHCqWCV,1
MNuHMWYdgfOZhTk,1
RtMQAXGzjCOsAsl,1
VlSBtCMhjvudWvL,0
wspbQyiHSHvjuPq,1
UiyOTzcWAlZwtwb,0
yuCrUdeBQEglGyM,0
IfFFTqrtbBBkAtf,1
VPCrkGLywRqsZQE,1
QDirabKPmUVazFh,0
VAdMyfpEssvJSxJ,1
yJbdMABCMoLmxcI,0
eXSnwvQRpcKcQSq,0
wIHAcpLznCzlNRq,1
YEewfeCAcfLJxVB,1
IOnpgdLVOPLMvja,1
xrnISxmaDgyoNDg,0
DUiDHmwpnawEJac,0
SWthuAWHktIDZzR,1
GlvTePeJYywzFob,1
zdWBMXILWOSUdNR,1
WosNPjFhdvAwrqP,0
KEQVyOjYBjDhwna,1
EIIhzgfBIPhKJJs,1
GimXkKSJQXtPidy,0
EqoddbdEWkfFJWe,1
aBJfiAhyCGdJcdd,1
aWcEuhNurwitUkM,1
gBpcrdEZwAOrGzm,0
UJMiOnCbGTyyFSh,0
oZxooqxYkEhrrvv,0
nIpAESrtAnvZgAF,1
beEztzrByabrcHP,1
UDNtJpAHrVbImZN,0
MuCWFwiyleFamej,1
PpjNUqQmXbJXeZn,1
gqipKOPhkKxPgXA,1
iOPsTjkwXHGqMIG,1
nOvXqhAlMQPCaYM,0
FlwSRiXGcKMpjsp,0
BeAVnZczJKnLHkp,1
rKWiEbiamZUIMFX,0
fwhETKOArupQijQ,1
tufxAMWbhcyoabs,1
aljEXHqGarOTjtT,1
RmDHwLtXbDUTqBP,1
uUWPlqKVkFUXjwR,0
utfRbnfKwLvPajl,0
aYUNBkPUOeVojJr,0
uYefLcooIuBNXkT,1
ADTbLwWfdRwReul,0
vrKVYZBacGhnoBl,0
bbsKBYZEmVAgjsq,1
scPtfWLPIvTuzyc,1
EMgYfHWScUoxKPz,1
yzHXAwOUNQbdvdA,1
iugMYhGLSrZPisK,0
bpKOXzguXWZGKns,0
YwsctieTDJSewUc,1
gnlrOlFiPjuQcIB,1
EgogsvxrMBSaqcl,0
YNSoezaCiKacRUZ,0
hsRdEbTCndPeVtV,0
ujIopmCTHooHzGQ,0
tpPtjwlcaRExHZa,1
YuXHYzHerdifpDF,1
SqXgINaVAtUxCav,1
UQhapaFQrodlyIJ,1
wQRkGSYkJGQrspl,1
oKccAERsKEbLsEe,1
CfgpcmhjifXxJps,1
wPNoRvGfFtVhKis,1
rqVFzruWRDTmQRU,1
HqbWLVaZjRQTNKG,0
ZEhJSAOKxpxWkiz,1
DYAgvMmyaJGRjuX,0
ujaqnROylyQTXZt,1
WLvZfUoGqfDQiQX,1
qQqMlAujzgUqyZz,1
GYyqQtfcMxUbADi,1
BclHkIsxzLxKblb,1
YjpwkpmcysgvgNq,0
dhTtKYfPjaljBSN,1
oOZkCHeYvXJKXtG,1
DIlxxqSnVrivKlJ,0
cuNDKuTFtPrnThZ,0
vyDAqQrfMivZXKr,1
fEVgGAsTvVZCQue,1
yTMTpOTYUIDnhil,1
cmlqluykjXAMJAp,1
GkBygYyVYFQIdWt,0
feaDRAhtqQGEPgT,1
pjvovmocmrdFNvU,0
WoDSAVIKygzUDqR,1
WZMhnlbnmrZwRFd,1
cHPakBvGLbNbRiY,1
YugfWICQvLtpWgh,1
TiIDbcaJeBAqyGs,1
LabqSvlRqAlogeI,1
owgPcGwZuTyxFxt,1
aTfSOcEzjIdGrYk,1
eQldpcrmFBJPOZE,0
fxCTrUcciCiUYVH,1
oCyUlEaOTufuQLz,1
dVMDasIqzWLKWBN,0
BarINKbSAYIvfxl,0
gvEZnTMIqSjBOmu,0
IuseYbfpCMApjma,1
gfjwBmDvqDfftDQ,0
AFDbfuMGEQCzsYb,1
kyCshCvxzRngSPg,1
OBGejzdNgFudtDi,1
XuUHBBBFufLjYhf,1
SpXcKYaFPbsCNZC,1
RmAVNvKBnjvUEGs,1
YuJUhIdmxFaNKsh,1
TBXVnoXuFiMIRsA,1
UXDhLMNUfhNcPHw,0
KYLhPSImvpOERwt,0
clavnlMOlmppeHN,1
NmMhyznAwuJKUyA,0
kCMVRuroKZTxZJU,1
LcyDGaJpJYOlXyo,0
uuvDipOuFRTIVWE,1
vjnbqBqQFwZjCVb,0
bEPhrADQOTUHrDf,1
nefNWdwvQHxYrGV,1
HSfLRQQtSmKCMLD,0
slYrjWaqjnIoMOl,1
VZlJgrKsOZUmJZz,0
ccmQprFjlcLTJKE,1
VKlPlCeXFWFZtMH,1
chrcXxwrTFZhNsh,1
SLmyljqNmQYyxNZ,1
iPpzzVEMtpHceRV,0
WmiAjwRGpMaKaEo,1
aBlHFmxdJwJnAra,1
LXFofMxsIBEwChC,1
NCAuIGsyKIIOAOE,1
dzjTnvxIlykbOBJ,0
VkAWJYhPMtkQxwc,1
eecEpSEWbGbpJQe,1
QGpkMgiSTfqtakb,0
BUaJrIQKEmYDPrE,1
TbtZagzkGXxDtTe,1
GDdVEUWvXuJJeLg,0
YizDlhkOysWMGeq,1
QjKmCxDeRwxRSbJ,0
botkuuxicylplCC,0
lWwzlHtsrxVpHfs,1
WAQGQQBpEmqTbeE,0
VqvLjYUrCcWJNZm,1
RkIEgtUggfusSBy,0
PCqDrGZQITMGABX,1
KBZyFtuFoKsCYeg,0
kTGWMOvJocStNVd,0
ajDqDSAnXaPDSkQ,1
ETUVeihsSWHCmOh,0
oWTozxNLfKbZVjb,1
FspPsAmnCuwMBfi,1
UZOAAQxfQtGjJHr,1
XsddZMXSGWqLDJa,1
pKoyKvtRjEPhwYa,0
CaAhvyLrYiYSXKQ,1
IgEeVswuGwOQaBY,1
yvRLbLVgBUSRCMI,1
wcBqLiLUlyElrTq,1
OrKxtjEstiDAeEF,1
IkKdOtaFnfUVfSv,1
OtQODlLxgyCzVYA,1
lUFuNYujpISlNWZ,0
PKDWoytVkvVlUZf,0
ZfBZKrTIdoJKGDD,1
BvnjPtKMSOvJYTU,1
QfLhhGbitKgRtzU,1
QsmqKyHPRjagqiM,1
htliMIEIBuMVsCF,0
osUYOlMbpqYONGu,1
PhbabQvCotctCAM,1
lCGrudrglRKybsI,1
RrwvBJnFMYSlbsS,1
ftsgxzHIetiLJZD,0
aVZmLCzThAkXkMe,1
tHdnCTsRnWhsbtg,1
rwrRraMTghreATk,1
laTbiNvhAkAaNpN,1
hMoUbKENhVRnTBp,0
MuCxIrWBpOYhOfx,0
MVEyNxsSsisilqR,1
otLnyZCzjqjpQlb,1
XGSlKIVZeeYlVVv,0
gCouCeIEreeBKtk,1
eCkfAawToRoQNRD,1
cuESPSUwcKSIUlN,1
JycMELyiffDQsdE,0
yYXXUUVdtLHsUWN,1
eBajgJyNiyaGcHc,0
kIWEQhqNIVRjemx,1
skivkBvDaWPvqbE,1
ZvcVmYhDtJMbCxj,1
xTMeyTUKfdtGyfg,0
OPxgaqJFvwEBGCR,0
FDXsQKlnFvsMvfe,0
ifllcrVmkUGOAnk,1
ohpMHMWArQGIOPb,1
iACBlsiteiltEuM,1
WtezsGvwEyyRFBA,1
ayRQnNxspjVfVIs,1
HUwZrfAjkuOIZaL,0
FQVQlIkccGzzTVW,0
txAmxVBlkoXVyqE,0
nAJZkrKQLooJXHA,1
qbTVKDrTLWofFcd,0
qejeXvjoIfCkDag,1
KiLbjAfYuoqviDy,1
KYsFZCbtGMqlcez,0
VjCXhMrhSpeHNWo,1
IGrcovwjvFWDyvx,1
maVIYmDMjoMKjhE,1
zWPAUJbuRHhMSQu,1
OmVmwvYtSkBWFxz,0
EDEmUEtmZvKeOCc,1
WnNDFcGQeWqtNPZ,0
MXiFiiGSGgRUvVd,1
JFLveKbkfBJIRer,1
YoCQmSusMrOjvnn,1
tQzolFeKtVifqJE,1
lAZpZrHPkEoWYpx,0
ZlBzSvmJWbwxPSy,1
yAWcRTbERJBGQJH,1
FMgbbmkRhyHAoim,1
HcEWmJVirkNGHAa,1
UfVpFTZALimtKeI,1
geyPYOJanTuByIU,1
PezYmpwHbdgxINh,1
sNAiEJYXWdoDood,0
SBDGThlvTgythko,1
SXnlyTPMfKWxNEm,1
eAfRSrDwkluPQhE,0
iPaMHUBKoaFaHmr,1
fubVriniTsMPHJZ,1
BCfucDZzxUlygkx,1
ioQaxSlotTsLiHw,1
piCuRaelzWNpbkb,1
NWPTBSXrfsRKcFn,0
TuMlIAQdnyWUtVk,0
qrmpxJLtsjULqAB,1
POzhoYCHjMiQnHk,0
fmVrHyWMPLaBqoc,0
TOsLElljZuWHrgy,1
pTAdnVmEjCDSBgP,1
jwtWPoUkTuQHXtF,1
OowPJNoDDKVNeAx,0
tPADLXKAVAIkVeH,1
zPjnsmjNiTRSUSP,1
AkBFKDMIjWxWaQd,1
bBwBOSVLDdOOwee,1
VryDDrGwgJjjGmI,1
UrafZPkWGpEUAyz,1
jloQKVxEMUFTdSu,0
itlWwOmzviSSPjn,0
WUjpOyCRTWGsdyj,0
YosKDqoYNDiPMOI,1
JKyFKEzIbKbakfI,1
VLUeCPRfiKMSiio,0
UBjUEMbozXXvoGw,0
VuHExtflfEgrLSI,1
uFaCOcSmCQkQMyD,0
diPmZGBWONZLxSV,0
UAnSxEwYPJhqGZh,1
FltSVIxFHVIvZXB,1
ZzfPsCiKVhwMTOm,1
hNqrzlNrzReJyfB,0
SehUjbSkEEcNpmV,1
CLDVSHfzrsMFqwP,1
PgPvxqXRqTdYQaO,0
hpFlBoVPwUksSCh,1
fzHqygQGYHxglSA,0
JjzhMDEvAcyfKlq,1
hiwMJLpKRcnHuZV,1
rvdYgDcKokpMcCj,1
NCPQIJQqUyeEHsp,1
gbJoADBqvphQLYR,0
KliNzrsSBnukLeh,0
DIcIcxoBJqkOvxY,0
AifvwJodlxylcAL,1
whdraHvraVQzqSb,0
EJPRuomvLdfbYEo,1
aRcIVFYMTWPVkEY,1
hdPlDlprjeXVbYO,1
gXZvkuwYPXsbImv,1
yXXwrmtCeiEMVpm,0
xZQCnyCCTDQUHif,1
QGevqQhjmDszYzV,1
VkovgfCJBEWnXPE,0
MdMFMLFGEmtOgkd,1
BIislYegotEVsWE,0
cxNjNEobxfWYcuX,0
bbVsjmwkTePQfcy,1
QarMtIWtjGgsZgp,1
znunOqVvdejHzUq,1
uKXAjNiBwnYPPNs,1
IpnREEtIuQOTaMj,1
KEfSFHDxYkayOLl,0
XXUDJXxmcUxmZGr,0
yjipsIzDuZiitex,1
PvHLBMJJsmfeeqA,1
LWGMstiXDxZkrOw,1
JMJXGeEOiZyHoHd,1
CWcCPuRIelvjbUh,1
IswoYrorOdRnCBs,1
wDTGDhWsmdajyPs,1
cUZAGryoCYhhsml,0
hhmBztjQnvvzayt,1
zEGexHQEEjmMkMJ,0
AhIrhloIwylmlUj,0
BzauGCZXffTpRnv,1
lgkUZaBzDgXiDLG,1
OnighztFWZJTJdU,1
ByhCkBQJmHYQzYo,0
jjiIVYhsWwKvhOh,1
QaumosOonGvvlJa,1
mkfezRnEeMSjnAT,1
VtRyjIDMnubTUGw,0
deVWbumZuYpYBGn,1
BdndVBWgOGljbEP,1
ZJmBtEtpsPeJWvM,1
fOVWxgSIBprsCzr,0
tJOXmQSFcXmKboc,1
benPhdOCOVLVxFf,1
IYFrheAGRobafcj,0
QDYyyoWtXfoHVCl,1
ocISqzamxWUYzKW,1
ZTRdGWhAHnINnjV,0
aLlTBPwSrpSeYnY,0
bFCukuIIlseAYhU,1
iWUgZAZamqlrEoO,1
bUMmlyhYeAeKdyV,1
zyNiEIlaSlLgFOi,1
tMSlUkpBTnMlSol,0
NQHBmWhapTOJTuc,1
oOfwfRgfhprvrXy,0
gfZeuHhLJNEYaHN,1
yMCDkqlFKWJrgtD,1
OCiWwERzUnYcGWq,1
TBUoLCcvOOSOVOn,1
UuTSzYEGxdDYLgf,1
ELgchZdcNtijfEt,1
XXKrxHZMjouPsKN,1
eiPlesGWRnZilkr,1
YSCRTssLiACApdd,1
THMFIlIEMLMagMD,0
QTyrldewCawrEEQ,1
UJDBogtzgdLcHsY,1
uUtDdvjZgECjmdF,1
xcOmenyryNwlgja,1
ZotuheUuworsqjF,0
GKjsJvfEotagGke,0
MixgOKnoceZerNs,0
MZxZWJoPDyScXUP,1
vCzWBLkwwnqfApY,1
GgCeVMHrQTFtQLu,1
zciBYLyxzJhzWXl,0
NTjioTenkWqebMr,0
wEhxniWTQajFBwh,0
GeynWobLOcjmCNU,0
FgpMgeyOYnkkWkF,1
XRhDRVTWoBoCfDn,1
niFjdPeSYaWDWlC,0
rYOjlmQpXFiavqY,1
KcTXkTuApiKFRnD,1
FxlusnXZCmjXOGl,1
rROtNgDGAtfmEJe,1
LVHkGMeJItlQpkB,1
JcxwfIqasOHVpkk,0
zIEXxGQgYqjVAja,1
vwarUWkDylPNzGE,1
HiemOoUycsBGiKz,1
mxMmWhsqLNajRqA,0
ZvFbgkPecGrUESu,1
cBTwHAqCmDBEjWR,1
xemdEKGEvsTFfRo,1
nRiPJkgCjnAcYAu,1
bVDyQrCZbRImzDh,1
FUSFotGZipLKCTC,0
SIPSLQxDYyxFWLS,1
wPjuxOcbrrXzNDC,0
yfaoOFuUSnpyFwN,0
iaQpNTIPUjUwpfL,0
boZHLMmoEKQelIs,1
tFIVANDAMSbTjCw,0
doPEGaIhDisEJDF,1
jMXyRtVQGfFpaGs,1
hgxGSRxfUuNWcfx,0
EfTApaCLTQjoNMw,0
wucMZtgXobbspON,1
dearaJIPXPaWWui,1
ykKylyqDXPmWIBm,0
zVmoZQHKHSzgbOj,1
uAcdocigYyFTkcC,0
IftvJaZKyKyKqzj,1
zHOGrOqjxTNmlzb,1
afBAJmgHvCRPmvt,1
zKghykYPdoExzWf,1
AqomlrcksUFlpQV,0
ZGXoLWMcSkgIbyC,0
cjmhGmCZlynaVyh,1
IktSTdfAXGkxyBq,1
WhUjBWNRaDbXgsK,1
GZyXxODPsZhLvzk,1
loEHtEumEjFIZZd,1
yUIZOclAbMzIiPf,1
DLhXXOTGtnrIXFt,1
ATBQkgEcTkRyzFZ,1
wwesaypNqrODdPg,0
ohzvdpKNYLhREMp,1
HlyCYBYPBmMukHI,0
nMhOZlqJmeBcmRB,0
kdOwMMmExNopSQk,0
ShfAvgzGfXHlDkQ,1
xDnIUCEPAeojtXK,1
aaDNqCBveuwaZzV,0
beZakjXBiLUdGOb,1
rvGSvVDQbSuaVfa,1
chjGITeRwAdbiAP,0
weyvLYFvXOBjFoa,1
xvGDbPLGgasChnz,1
vmEdmJUCIZzXpIA,0
SxfTwYjxjKTHjNe,1
KaMLoNdCpURgezr,1
FDIKyJeuyzpLmne,0
SVeWIrlsFffQgRg,1
nAyfyGbZTBVoCKv,1
YrcNulOOGWsOThQ,1
dfuZGDTIWVYlhlN,1
bfOCIjXMXPRqSoL,1
YKpuJgoRlyzZSFz,1
yAkETNABrBUUxKv,0
QHyrxPLNBboEDDI,0
lNtILXuNppZunsg,1
syfePxwAQRviBQW,1
dpBPhTIedZOaeZM,1
etREDepImNEDRQi,0
zyCsvmZjNqySTLB,0
WwZFNLzeLHSIQdX,0
ZHmtUqxoVGWFJxo,0
uRfLhNQTMRXwVlR,1
VPvktanFjvytERv,1
nZudufxSXWeAbtr,0
toNegiIuIVsMFvE,0
GlePeSTxoGYdQdj,1
EaicCgJDNhMSmUx,1
NsXlTgJYHXLeSkQ,1
ZoyrJdJLeAnfMbK,1
sCtveWFQgenRXdd,1
diaMLdqFJTIAeTF,1
eFMYzmtVzhCBMIH,0
OqwLeGaFhJKFcHb,0
mmqRzshOgixVmPM,1
CXqjeZtNfFWKngU,1
ONuIUuImEJlohHP,1
eEaLwkbqHEZrPcT,0
GHMbHFBFNMNOGgn,1
UiUSqJglYHfGhEM,0
letOGtKpvJvVRxz,0
dQNizcOpgtMFHXp,1
YRCmOBxYVqqOeOz,1
UDkmRkTdpDWZDWT,1
IAvcoHjThaPWDVi,0
TieToDUZvscKAXp,1
ELAHTrEDqgsYSrK,0
eXpOHDFfrMsrOBS,1
JWVQUkwWMXGTvse,0
pmdMsqomfZltgdC,1
sVmkvqbdugDAsLz,1
wdXjuZforVcIkDr,1
jlnjNTnuZewwIIO,0
FULBpJNeKcaSKMd,1
dFPmxSyxsuVQvqd,1
kCfLswQztenQiZN,1
iSwDqQUExKTyFUY,1
mFQHasDGEXwANhP,0
npvIjTvuKCiKqBW,0
FmLdCuuOiKMQzUW,0
EDuQuNhrktlcvwO,1
BjJuxBmfSeJGEda,1
cbqVxLpsZecLmRc,1
kCghWaIpwtHZirW,0
UtrjxFpLfbbbyoR,1
bjIKbGkvXxzMLPK,0
LkkesZAIsdBLzBs,1
ciZrDQgnLLjvHtb,0
sSJeMTxtxmUhLEw,1
fzmsfWRlwgCtxwY,1
zmUqNNCgTalmPOI,1
MTQDHsNyCLRkSbD,0
oSnSIqUTKUnKhke,0
yiCoDNhojMLYmiP,1
nyYnbSKGzKBvesh,1
IdwEeIWkIXAJwBB,1
nzkXYainBLWgiSF,1
DTerGehCkDQRpRt,0
fZghQelzCBASgWe,1
VrAwuXURSMwCBXw,0
hRMqpyENjJpaWDQ,1
HWzrrysrqcUxUNh,1
lqhfZbqOvxwwPeH,1
CtnNTOdqELrKObA,0
AHLmTTvBmLXJHes,0
NSGXgaDVCOXfbOo,1
McRvorFQgjXqpdt,1
exWMsmgxgNNUGFA,0
oioJOZDQcsmOITZ,1
gXynXldAIatUjaM,0
FhpDrZNnXiLXhzE,0
xfagUlNJdkoOwFI,0
fCDCaikdZqYojbn,1
rKPubIVDIEtICMs,1
fszxqhesRDQUqdf,1
ycjXgbuIzaQzdjx,1
NmZuvmRNKERaOTv,1
nWlmZWsbTWRdMTh,0
jOdLeCZjYoOoexz,0
jHiNcFGRUgrdAGz,1
ESOTbHZrPXNtCaT,1
wBFOaFCglqVSXJc,1
xyxDBWaUOUDCjCK,1
yBoWgLBSbwKKxtI,1
naVTuEfIdHGkqQP,1
TNquUIZyMpYSVvb,1
zcytgwChWMUWveJ,0
NShzHBNHpiNoNuu,1
lhuESjXTGFMqQNi,1
pJUtTyWhleiciZv,0
NmSjftUinUgEmkv,1
KfqewWgXnxxSdSG,0
qkTottQQYaupWtK,1
LWWhdjVlZMzpuJM,0
NCwhTMswZyiYQfM,1
zdjUipEdYnuKPWN,0
mNlEAtdIZYYeTKR,1
JiREOJiTwthLxWl,1
cKwhJnFsOHmPfWA,1
vBAMswDxchXojyq,0
yapsgRVtqJSkUCK,1
ZSfYariSTXbytrP,0
whBqLEENXiptwta,1
knCtUrbEFRadBXt,1
zpMkXaPrgQmWpCV,0
waUVbhjcTaIqoKO,1
DPCMuHuTowpiyfu,1
ncLggxbqcpOsEmF,0
YhpKkFQCOeGDAhY,0
ZYcSiMYsluMVbeP,0
mgEulssCpFtUFmu,1
pYlEAaPETYkYqON,0
TcddaANleUzlOzE,0
twiiylKLBvrCnig,1
ImmpSMMtAdTNbsN,0
iABWSzOkCzqarOz,1
IjJWQYwcJWrVXEX,1
YuFKnMBfAxkEMlw,1
fWMfxvaxBAliFSY,1
mPEOppRyFnbusTI,0
wkZopvfFVxWWcXt,1
aOVDTakGOdWeQHh,1
JOmRkTYySbrSeOw,1
DdEcAzYqyEseTgF,0
kXKpgGgEdKWyjuK,1
TDjivlyjDmVUgBz,1
wUECwCYMykFbExo,1
yVMiUSNelJgewCc,1
WqXVJOWwuIkKzqN,1
sXivMqusfFvHwno,1
HUtGjexcABGOdny,1
tIvroMGpBFwxWGH,1
zSpfXyzIShCFOih,1
ELtaFNOcpPJxlqA,1
koCVwHXbwjnkLom,1
NlVtdJqGyuEltEm,1
axyfvFJXoSjzMQR,0
FRzZfezbDMvrnZC,1
QoiRkkZnzAljuxp,0
QUqDCyNrIbWagBq,1
KrHVrGENBvZmmQr,1
xbANRxgwIcqkOwa,1
YwwqqYXvDfKTwnT,1
YYpxWMFYGVRlcVU,1
vKxNSqdjDqDEddM,0
fMKniEKyHQiAvPF,1
xjiJGnZCjCLdyrz,0
rCZGFTmFGqvjSHf,1
cCHxEkNmHBSmmcd,0
HjZITDHXsmuolLp,0
LnLSoIXeDklpDtW,1
ubveYcvYHtivibj,0
uIyadTDqxpQKVap,1
UAOixTLGgZPvGRU,1
AtbhrYzSwSsgrAL,0
IPmemyVgKhjuGID,1
uCMwXFkLpXwaeJa,1
xjZmrYyFaGyPlHw,0
mSPIMLRXqIyfGZk,1
GkxoQgOocDTZika,1
WtIjaRtVxEWWfKD,1
ieWjyhSMsywikHe,1
LBUdxqBKVhSDFLF,0
umSzlwKneojTOra,1
mOXKMqMqLNemQDH,0
CmXBzKrsTsOzGCc,1
DRkXHJypfLppljk,1
MHzdscJhoIOVrOy,0
pChFEoedcYTdZeS,1
hqmYMvdqUYRkmLx,0
CIXbusMuYwlkwWP,1
iVIsldkscVCzLMm,1
lGbbDMGhnDBkyAm,1
VQZiFdGSmQWGUXE,1
swonBtTOCbAHdnd,0
hlNpvCcJvKmrgEb,1
PNSqAIyIRUfqHZG,1
WEaPBanBkxVeSgM,0
LeKtQvHdhLDFimG,1
KuTKzgBPObAWWOL,1
maMBJqTBYxDTstM,0
uTetQeHTAgGMgVD,1
dilRKOxedZUfveM,1
OBDInAIVfrrUSDc,0
mpQwVTGFzFoyGlT,0
laNKhKeLvCFajJQ,1
YuSisEWHpImRVjV,1
wHxmVzfjOajALoB,0
sntciJTQbcSAFmH,1
HfZgpPAgcFuPqvq,1
VHMNZksxaQExLjJ,1
ueZuoIJNwdMjsXi,0
avyDSqWidmSjtbK,0
dKuoMnPFcKjqkih,1
gwJVsBYhkCrIpgp,1
pxSMfxcuaRkhluu,1
NUWTgowhvMkhJhg,1
olbeWcJhPtuuVjF,1
dlGKsKWXTXRngEJ,1
ylAcAXLUxRFJEpm,0
kBpVwDlKpzXtLRY,0
VHoIVRwtXLjyNIP,1
KgDOzCGztVbZKdY,1
OyyeHdYxxJIeEui,1
uZgBWeFEmOmYUHW,1
XeryRFomWVHHAal,0
BYOYkQhEmSHaJil,0
VIMLDASNmYKuIsS,1
hDKqeqKsRwzetxc,1
vSbHbHivkIcLiKc,1
KCAVEvPJJnaicVF,1
YTmdGqtxODQpONQ,1
hkjDUdaHHWtgrvv,1
hKVUfAUIDnsbghY,1
lvYUfiEAihuMuUB,1
bshskgDYquUobZs,1
SyDHRfhpAxSiPsx,0
pfLILsGvRaQQxZf,1
FcCocNuusklJSrv,1
nFqATNosSLDhIql,0
nezVVBsalWksYyK,1
htpiRAGxEsgtRIB,1
wGlkjyihawxgQTP,1
NyCEDibsgjqmaPO,1
BzgFxaLyJACcEXl,1
KTRQpvXoMfibcKZ,0
lSPgHpeVhjyFhnp,1
WwITIsjrfeAgLiE,1
ZQusxYHjKSJHfvh,1
jIqcSXSXCaJVyGf,0
uVMlZAmXpKUtOmp,1
YbmhnLvKTLssahm,1
xmpZgQjnRDwBHcw,0
pjOzBwldjHlgeNG,1
fOnNrbMNeNBUfSc,1
PXxHMxjYOUmQNAw,1
ziOHDxduxHkvUMS,0
kKKfsiytXwJODss,0
wxQrCGbnGESluEf,1
jknnbQnZvhuEnRa,0
shLzOhsaHJQSuCT,1
NnABQWSASPAExiC,0
hRwiyyesLMnzlFV,1
AjhQRXWAnmLIPOa,1
XXorTOGPfHmMcCA,0
GJKXRuKbCChxsEN,1
ysbRrHCBVNsMsFI,1
NlHfALPmErhfxTj,1
hBzhknhbMQGIBSv,0
SGeqhhkQNIFehNF,1
UXwXICbKdfKYlWq,0
rcRiTQHMYwIglDD,0
ybNoKvqXSIjFXPW,0
vVWQgOLjRELYfTo,1
cDoIhgrxwPKhBGW,1
HwgMGLbSLhoScuy,1
cOjeEIofLGhFanQ,1
FJqHTJOPvWbZTCV,0
FELJrTzAroWEQpk,1
MIFCVOWMXCcnoEP,1
JPkjSYGqjgvWrZg,1
lpJbiINcHklLUtF,1
nLuIQXJZMkMYXTh,0
YFdlTUZSqUVLMVJ,1
UOGdCjRwpWEbyLZ,0
OqJIAZSkKsZOdyF,0
zgUVlaDLYmZUkuJ,0
YqmTefycnqWxibs,1
vONkqvCWdLXgFWt,1
OfoUcevUKpxxRIZ,0
niLJonbjZdzuvIs,0
hoGpyrjpZlXrsyY,1
FaANCoklQpoHoAY,1
HtJyUppaDllRXaj,0
HewZKlxhTWULkCA,1
SYEqTEcFVINoswo,1
GtiaRHtSRcOUFMu,1
HZRAfiEUBkPFmBG,1
MKZPitVBZYbEJSd,0
JRZBbVzkwtiuLgN,1
OMowkULWWusrgek,0
nkSZoKPAZGSZNBU,1
TyywFnjtgyqrTSG,1
MtChryszLALjdZb,1
WUAxeotXmcZCZgd,0
IpwUULFrgHVPNzQ,1
VeavVekJTCuwwPt,0
xyFmpQuvUeReOaE,1
NkLgSYRbZnBHHZm,0
mKLGhlBeHKLwlPa,0
fnaeCqgIPStcrFw,1
bxOSaculClvzebO,1
KFFEzzwDvfqCNil,0
jbLUNxnjpVANuoZ,1
UEHOESAWsgTzkBM,0
DJmrlACviDlUVSB,1
xqpvLtOwmlUOsIX,1
ceWSsGjqohFkrzC,0
cNJGWSgyUyshtwM,1
VbamqjBZjTpncmc,1
quhqeaXIApyUSPu,0
dCOMMfUfNEgVOxU,1
vcJFmZBxmVLtEDS,1
BcHdrToAjhACjrM,1
xxtxBqrOTXhNvKr,0
pCqwertNfnHKZAy,1
ziiFReWEkVxOeGT,0
rmZzlCPvORASPPQ,0
WnSmIoJPmmqXQOG,1
fYcWYiKBpRXltxT,0
PcBdFDEOKgMcBZk,1
pyGWjiMIoLTkUXH,0
TPyeuYczGORcIJa,1
doPFeyTyhgYfcrh,1
oSauWedsWFyBnLw,1
hPMilCDNkPiImoB,1
uckdxoEqamPGhhu,0
WzxmkBbowiTcpyc,1
hjyuMJPQdVJghjR,1
HTwdpIcMsztZxCJ,1
IsYxDXPJJpiEBUI,1
mIbMqEOAmrFcPzT,0
xEpWfXWFfxwnQOM,1
uemjpDfveETPoMI,0
cHIxIQeXWWjfVLl,1
sNAKFUouAAVweMP,1
fdKneYYCMkeqxMd,1
AmPPJUJMrtnQHTr,0
kPQbOSvkzSPmPcp,0
lYvRvphnEOMWkQh,0
hXxaPFXZFzNpRdH,0
ejyRHZafavLxHjA,1
QCzrXvLdlEnCvWP,0
zZPuVQmxHjhwota,1
gJeZrBEgxIMgQJH,1
HCdhHCYSzmUyaHZ,0
vltkrDmRMLyFacP,1
apcDmDOyRyNddwB,1
ltCSTMxkDKqQMvD,0
FZaivksvUgLWKsh,1
kTxlwszzrsgLEUT,1
zVxjEFEyWKcfHvS,1
NOEsFSFyVewQODn,1
iIUuESznkeYtLtI,0
yTnuIolrunBrejV,0
nhAZHwEudWNYWPM,0
TcdUHKxwjbecwsp,1
wEDRBHaGUglGxGh,1
lLoHlyAtiGvbhrg,1
ANrpLaQUkkUnamw,1
eZzOAlpBiPeheUv,1
tERyRdPhRHPpuTG,0
KpAhJmWiPEEcXpI,1
zYvgxHPQushmSqh,1
HzlHyQpwkXhQnel,0
CaBLeSLdKffylIa,1
KmmoFpXZekTQOvA,0
vxKMhDiYNAhqskt,1
tIwAIFZhNSxCDyn,1
iTMBABwFFSMqWno,1
bcKwUpJqfXHHjhC,1
BRFHOfIocryYOfK,1
jSAMBJGskiVuqUC,0
nDtqpQrWnSHOhmk,1
IlXbUJfrBfxmWjv,0
wEFBfYktPkDKzIP,1
yWqpHFEIOgJYTTd,1
yNJHuDXXIjNtTTX,1
BPdHdTiWuJOvsqf,1
NoyLZFmjYBsOTWQ,0
olJwYTsNHGjWJBO,1
CmiPgcUSATihVoi,0
NsnxccLeSVbORhl,1
OAvcuJlgVtEWGUO,1
EEqfXYxntAQFLju,0
qOFlUrYAMGLGsPl,1
LGxcUcCJpnDxUpI,0
RZZurfAnFstQKAZ,1
RTwIONtRDiKTtrF,1
psbUSrWIGrJbOQl,1
oCMPXacOISOUseK,1
KdaVumMipiWDpxX,1
pAKhLBGbzkCmNAn,1
BwSgUpBwZlNQefT,1
vXIieQpvMNdXwXx,1
YRUMOGeqaLnKcZq,0
AzLmvClmQZHgEeC,0
RLSHwgWXIiNjBLK,1
wXewHZrKKAOCpoB,1
XDiPcqEitMyIOSy,1
mqDllDENcxnCFSG,1
yFdUgpDJNFOpxnk,1
CoMGZCEgAToyWon,1
NmyqfuqAsqlnHPb,1
TkappvhFnwzfzfE,1
yCEYyLXavNELTXQ,1
kLlRzHXLGrUrXWf,1
QFTpAgqGTaUQlXE,1
xjDziXOgvQboZKb,1
XddrKEHTRYnZKIj,1
uREPOhMwrmvOaxL,1
aQizMfLFdpBmuww,1
wnzCJQCGQSwtiiK,1
hITGJNYDUHnmsLP,0
RXtWjoCIVPzFkUN,1
eotLvZJskgzAIbE,0
XVUXyUaMeRKWwZf,1
dbhjBvsSvvZZeYu,1
vtjYpGtEPyJkAPo,1
ipBQoUfbDeGmPkM,0
ceUZytKbjndyrIt,1
XyKjJvDDIxCorUm,1
FpYXHLipkeYmtEa,0
eimgMuTOTEUwLXX,1
DIhIjgHGGEfvwqY,1
UMXSkXOqCwovJWO,0
aQBYpdZLSrlIrsO,1
uMkrETiAhopooLO,1
YrOgCSbJRkNUsIh,0
bMhbaQeClaqLpow,0
NHfWtACEkluVTBM,0
lykcguWrpddMAwC,1
vXQQlRoIDanQCfb,0
ttnYtyYZfQoxKWL,0
mYVJxbbLcIJQvUz,1
EiCWQYKZLydbWpn,1
VFvCNuofZbAlAdo,0
oSJJswTTNhIvCJh,1
omrvuLjvuuGDieu,0
ntKvtXmeGkSlYDM,1
rKDCGuplxlRDjFw,0
YRBjuSvIRKyStvj,0
DnjyANxpfDFKqKf,1
pVipxPOmsdsQkIR,1
DWopGqDYusvsUds,1
orKpIIYJzPVsHUR,0
bSbOszWVHulIPdw,1
eNgcALYpHvkuEwC,1
bxhtVaxVdjmuGws,1
XRnwLWUwQmcLAva,0
SJdUVBMuZYjlJDM,1
mZCqixGMGJjaIWe,0
HEEYdQflWToZVuW,1
iwGwxzRdMLgVVGd,0
OKlYKjrElizYybS,1
kcLkaZBalGZeSqJ,1
HNKzVVuFWDQCwmd,1
qGYLzwzrlZKvXDH,1
BpoTetmDemOQyNn,0
cliRypWwQGkxLCZ,1
solBcEgxCnTVuQQ,1
VeOyNRnsPXfuGeG,1
UzlPJcmleSlbhhI,1
pPENnuQzcGExBic,0
eBhHWsPrMudXOTg,0
CCAOgPCWfSaDSmI,0
AYPHqOQoEfcGMHO,1
eMvxSUQeXxCTZci,1
ZKvplGJjIogHCCn,0
mtblItqiyqMKuxC,0
IHstFsLpRyGpXkt,1
oWhwOLMNdUuakwj,0
hRrDtdmaJviYNDi,1
EownDvSsDiBPZlN,0
PQBDnAmFZvCPxHV,0
zjjFTCMwIbJKQEY,0
CovPdSkvGtPukiI,1
jxbeglAEuAhnahC,0
YWFiRLXHzjHGNXG,0
hQlfltLwHxqxhzi,1
FKaALtaujlEXOpq,0
tkPXjPoxEPeWawC,1
fWUmbdgksufiagD,1
VtxXAXfgNYCZGTH,0
hEdnrQVAsmkYSDE,1
vPtsIQIaNLLZACD,1
qPLRIceQWfTaVuS,1
CQvxToZmGbVlSUO,1
aKTGxYXtezgdqNG,0
CGZhKPkGQtOEAcd,1
hpZNAMQNCGZkMOp,1
vxFlruwXZapzZDb,0
uSBMXYHczBhqGQQ,0
VKkzLferJsYpQsF,1
kjWuBtEpVCpvmKT,0
AEjDuKGztTuzjDC,1
woaChFWPqjCoHyu,0
NJqQseEAKqAtFaG,1
wDGVgOVJfpjYHqW,1
llcDtKhgjEUKXqX,1
WGtjRXbFGZzoMrf,0
KfpoQtvNyZZNJiw,1
rAHphNVaOJtxtAI,1
ZSxYzWxfozHpEUQ,1
EsunfLbeSFIomnJ,1
lWBZKOaemMvIUbZ,0
eRboPkOfrDQAMuK,1
bcirjgHgQGUIRGI,1
vxKTAwAdcbjcVPZ,1
sUpHugpBddcLaaJ,0
CWggZiyNlXKJvmv,1
onEDgyOAxNCjWqJ,0
cPfFBkaCAJDQBle,1
iYEMFNyXOcXHLsS,0
MnHdSHrtycProGC,1
PlTGkYjrkqJyrUZ,1
XQDoSyCvgXACfGb,0
llDjfKGcTCCxzgu,1
IZaxroDiDmROZMb,1
PnTbSWBoBtzVkhz,1
JJdukrIyJXleoTy,1
bTdPEFEKlmpsulj,1
PapiJJiTmeCudCz,0
qcuzrXQykatjcJB,1
EpZjlqvdnsIBamx,1
yYQqfEoHTTJOSDj,1
ZaVFYcHLFRcwoDW,1
gSvqDdKwHAivQGo,0
DOjgrixuEEcsBLo,1
uxrKMVQcTvWLDeM,1
uernZFdnLFqejXK,1
jxNTINLMBmdkIlk,0
SIXueGSyIghMYpf,1
aUDZntjfrGGYrnP,1
kXEuzhKnqPdggVL,1
tFJEFKoPbntjOqH,0
jGnkgGabaqkKFcb,1
UyTOsnKgKuRmQfU,0
vEbyXXLSvPZTXSf,0
HyhelOpaBWhdELG,1
SnrdJGNQZKmImET,0
FYJSTxPifJPzGRy,0
yBNxXUsnnMJwyai,1
LPRGCUuIqvfrDxj,1
EqDfNYYQWveWlTY,1
PTZjJpCzUwqxrFf,0
oyWEhfDWcChBaGp,1
BFKQRfwGDGCWCQQ,1
EanlqqiwWmdozoL,1
wGVkjnNMwQZgpXM,1
YMfMQvbEwZNRnlg,0
MQLpYwRBVbBSnJL,0
atdAsPFCkobnucJ,1
LEfRKGwMJcQlemY,1
hXmsPPcJKOyEjPU,1
MYkdMpYmrxSwExm,1
itULhrcbYhztDwb,1
QegtFLOytGObyxj,0
xMNBsOSYskFALnj,0
aTWqcdMkhZPWCVm,0
aMwrINsVkBClBMq,1
kYeAxdrEJlkkfrB,0
TBCTQqhCBILNEDf,1
GwepacrlFzsVtal,1
EWPOyRaYlZZbnGe,1
rcdNFSlBxmrGqPS,1
DdxMRqCCTAZHrsl,0
hTpHewmLbGluQCf,0
mLblXRloqtrjpoa,1
uKKHHBHDWlCQnbp,1
RyhSApaoIUtYTPD,1
aWbTkqcRfpZmGuY,0
GBWquooVlcWrRKy,1
ejospobEoWQlFqr,1
nJgypdfcMJQaBbU,0
uNsOfOVmHXBkigh,1
TGwnRtDEmZlFTuh,0
AfGOXwQjkSrMthJ,1
rCRdDvghevoaVwo,1
txaFpFDAgZaZYKX,1
IDxmPaspPQFIMGu,0
loyyeNnFjvgvPQE,1
VdmWGYmERuEtQHc,1
ystAlOjOvXExPgw,1
ccnFhFmhmIerVVy,1
eBloppFKwnfYpaU,1
jwqpRlUxKUexXiY,0
wrsNGPUsvigyisg,0
juqZvsHdOyHIurn,0
SdLGqYKstDsIXoB,0
hEsFgHEnzpfpoYZ,1
bEilspVZEPumxQe,1
QOEhZDRebwIiymw,1
PYxamtfcEVIiMNS,1
FzTnSTAUXTsQBXK,1
MTCigwvzesWeXdO,1
PwMCplFvBpQUWzF,0
yeGJRiQAFGDVltb,1
pVNKKropiKvsLZB,1
zjocbEcOmaQpWxv,0
uFLcYrUpJCLdmSj,1
ONItdTMsBTxZQVU,0
pYNcKUUqALfyIIM,1
NADDizmjuZPuAuK,1
YWUYaVVGkiGZyHo,1
CDETMMECNENNQxS,1
OQsIBfQAFisCzkG,0
hDiabXyzUnmOsWe,1
sieCUKUekZaGvSB,0
UflkBHnkBQVBwuE,0
JTctfegkSwQrXZq,0
BFCmdQfEIlgVmYa,0
FkBFINYGQEUGLfY,1
iXlbnKWCWPvFmuk,1
uJRLOCgVFcItuaN,1
PqIdKwKWYywiGwR,1
anVkpoJxTNcECHh,1
gMMpUIKbDcsUbBy,1
IoCAZzkMAvfMnOX,1
ysdaeZGzNXwhNwv,0
dwgzwPDgyMgOSaP,1
BXBWswSOgyQKpAy,0
mNARKXBGOCelsZm,0
zXdmhRkvWfFTgpQ,0
aTmGxFJewqzzrKM,0
WDDcQJOSWJenELb,1
NaSqStVmikIVqxV,1
hmVZHHIRDXffyaF,1
wgFrbFjXAQQYQTT,0
CjqkrmkXACbKrpO,0
vVUCUUbvCfOHqhm,1
ysKsCwCEGIagOtv,1
UwbhxejrmdGcZYH,0
pzRWrUijUAXerxU,1
tuZpAetGutAKveg,1
uqcnGuYkQfPEQNF,0
WsXCrTrHHVfLBeL,1
dZAhMjfsvaIgguj,1
yLHWExFJEbqJcrG,0
QatmECyyMnLGqpM,1
ZzKKCgTIoJvIBMp,0
AHzpXzVCWPatZYp,0
WulTUvApjKpcKTf,1
zCTOTwuLWhXpwGT,1
aAMpCjjKOWfgFpM,0
VsigAFdlvsSnIxG,0
VNiQdSSqKPPVWta,0
NMSlmHVeuVMiybg,0
lIwEZTeBgTHukxk,1
kqjiXhWxlifFHTN,1
hMiihEqUoMxIhMC,1
ncbLRrbhbZzArFy,1
nVNDDYKoKPhYAPt,0
WGBsMkHaTvDUyUE,0
WcSVoddCAOFRHCk,0
ToKdIxZIQaQQQex,1
DtWnBpdptpQSSmw,1
JhgEdanHYrOvYsA,1
KtnLBiZztZCEBMQ,0
kVWXBvKwCmdrjwc,0
NtuaCVQPrCUfqTh,0
MTmvYCGCQgwFGQe,1
hHIFNcReIgJjpNL,1
poBSXLJGAgixvsb,1
AMuqSBNwiVDbyRz,1
rPGhqpLHtlWYFGw,1
MVDEYaeSvvGjBnz,1
FzBGBbKJkakEPVb,1
SzcsPeQRomvAqCb,1
WqvrPJszlNciGCx,1
eAJeocwQsVwzPlz,1
kaZdkgBquLtKbDQ,1
DdmzwxvndkEzFlT,1
fbSPtPznwlCisCH,0
gUGThTmVeyVwwtR,1
LrDxNHoEAcglygZ,0
ZcJRqypFjJJUlKn,0
yUZFJCItygWuDpP,0
PNnudMclYWMQRyB,1
dBqZioiWPLXoHUp,0
pistvLdzAdxogpo,0
wCwpgUfMoRYDPCP,1
rymVpwZputrSYcB,1
JMUPtbjDpEJymaL,0
HlCdcnVAxAzOMmA,0
XdJOPkvbSzKAmxW,1
khOxerPFSoEqVwZ,1
DHRjJRRdvtWasEE,0
yXVkTlyaqlkyHEk,1
eiQsBzmmtfYrUCr,1
IjnKcwRGPXzsOAX,1
kyQEXfeocThlgwd,1
WxSFVnseUqoFbbC,1
bMrTuzVmSRyOYay,0
GYztdDaJwlFoDKE,1
ShxgJRuzQDSIyeU,0
girWPDBOkSmoAyI,1
ddVFkdDYugEgdud,0
LerhJIgGlKzmHsn,1
WgadJpEgTsAhHdF,1
YeMkwhBlddQOfcK,1
mioGwsORkeivvNh,1
kinJnbxignOVotf,1
ycccYXOFDtWbCTd,1
AOOoOOllDeSUzNu,1
QMVJMmIfYBiyvNN,1
TVatERTxJjYbiYC,1
kmidHlNqzMKQyxN,1
xwnaeNrxgsxrdad,0
WQFaeJgcOjzpORQ,1
iQODyxvJRVeYHXU,0
RmgUFuuswwaaQrt,0
kEvNhAOQYMEzMZb,1
NnmdcLFMyzqzXqf,1
mIRnOUCUNiWMjcK,1
QtwWmsDFODtbkdr,0
fEEVjWljoAtuWUd,1
lMRhcUZSKsBDirx,1
ppRsarTiaWMGFjw,1
IXTkDOkaUvpkxKI,0
meWFpSIoyUdGhdD,1
ogaORYlHbbVLyWC,1
fdrtvyJfkNZJhZp,1
dKVqaVQgbweezMw,0
PaAwbEKafoDypZu,1
CFlDkftAoPqPgEm,0
BWnqGEcPXQfWwXr,0
HMCPRtvlomUSAYD,0
caQLGyByRmNIDjc,1
lTOgbUZCEEUmYKx,0
SrcSuBoFpSHcOEC,1
JXuEiawTjuQJxlF,1
QnfGrBwVvXjBaLX,1
GuNiEAzbJQAHLlM,1
kaZynGBcedTGmDq,0
rvDkVkFOtzTtmyz,0
fwOoIVuBXqmUtjI,1
rFbcmCpauYEeCqV,1
PaoDbkijEKReDrR,0
jUCaMOmQNzKlNNX,1
ATdkQEogDDHtTBQ,1
XGOTjrGMfBuRsbe,1
iduJzKSQGaAcfuC,1
zxAmKPpSaQptTAz,1
scVwpEwBUtMcRbh,1
fRgGgqPZdWMhQjw,1
VwfBGntUtBqpBnx,1
TPrgaabklqQXrgz,1
tspDowpBhCkWzTB,1
vPFrqvjMgNRuOTM,1
aYKcHQtqehNYLTc,0
hdYpZuGAHwAEEBC,1
FfaFUAtjYEkElzi,0
gasPaoaMpFzMxJP,1
BHbIBBlDRMSYnIh,1
qjYmqyanLVHGcpz,1
yQiyKpSkZgjQnes,1
FsvvfkHOzGdxfEK,1
iOVwIZSiXJSeDKS,0
qwuRzXAPBpCUFua,0
KUjnPYHaTsnHddS,0
oterairFUvfrxwk,0
DkyEUkAMiLEdKud,1
PiOZrFFsyenLgOg,0
rQwsNWkywNkeBWx,1
INXRhjKteKPtexn,1
ycVfZvnGJsjgLBt,1
ElpmPWArKCkRuie,1
pNhWgnZOJRhKmAU,0
KGZCxydGvAQfFhg,1
UABGRKpmIbuToIH,1
YzpaAdrVUabLgEv,1
xZLKyIpwFgdDCYq,1
QhpyZQORpdIMFit,1
nrijFiNFQuSJcbl,1
vbFKfjQXtNlXfzC,0
AeCDmzVdSepRtom,1
XWAINjzAJpswHNU,1
bLtoxrJlKZwKTMT,1
xYiSUxfEWFwzEcP,0
hbHWsirvDJSUTrK,0
rPuKnrkFBFHlAaL,0
jXCOpnkxhVpWVnm,1
IIlufMbikcEmKmI,1
quNbAVdhWBVmxMj,0
JqIkSzdSZlnXxav,1
MuUDtwNpehLMqXP,1
QxAoyoioyLqKoqT,0
rNzFpdzGHnfjiUK,1
lkotrNhYLRWjnju,0
RDNXvZrkzdICiNn,1
IZvnNZbihAeiDln,0
RJLKvXkXJxstzqB,0
AAuvmHUUMYlHLBj,0
YrdasLJubIViQir,0
WlPudRvpHSSVDXj,0
mfwbpQIfQAfYbpX,0
hFlbXMelfQrRurj,0
JSYTzgabGbjDXIx,1
RkWYMgxBgpanOIy,1
ApBfhyqpUtNsYsf,1
SHbWJroDVeUYHqB,1
HEGHUsUKerRoaoy,1
hNCDXQGVmNnBZYb,1
tnjkAvhGnWWTQVD,0
ZFXtlYSedoTbyQH,1
YnVtHKWJDGRkDto,1
CsiwRgMzBtWXbZJ,1
TZWdeinSWVMlguR,0
BlRKZpHmnroixgC,0
qhutfbbDPPxpIEj,0
DCtLNhBiTvaRwDg,1
lzQLdutTpHgeCYM,1
wILsLIHRoMwaUdJ,1
tnSGBLQpmhNKoKn,1
iridUdXcTTxdfbu,1
xhcdKDSsnQTkOCd,1
MljBZtiWWqYqakg,1
PpqacHluwfrccHj,1
RyvqBiikMXnQBwX,0
MZaTJBhRhdzvSWk,1
CcDPLoJqjDALiTO,0
kJhQQnbEiAClzvM,0
WjFwonVoNwwzsHq,0
agEQDLsMBeVoJdp,0
PWpGOJIHuhMFJnn,1
dtfqXREEesbjWvt,1
dECUZWXnkBngEAB,1
nIkXSpWIuKLtPlo,1
ThvSpPiNgHVAwjN,1
iLUUtxgxVexXMIX,1
vBdwEywlgwiKrjn,1
gPUxJGeyixWVoWm,1
LMOFgeKzSGjVsCq,0
opDiPnBEAxlYmzR,1
VbTUwXreAuQRrzT,1
eFBMnWARHVvYwaY,1
xLgyJFoFWLMTzsJ,1
BzMZaorecUvgKlI,1
WNWcgQDjOlPOlbv,0
SLyFxOZQUYCWici,1
VmDSDClmmWwDaAq,1
gAjPiwIJWcHYvnm,1
LwbfTwmjHzaiFIm,1
CFvIeCLCwhCwvhW,0
mrXinXYLMxanMlF,1
hgedKKPnEgcoyru,1
NjTcNJUpsJbKnYz,1
WrnFCVXHkDyVfDd,1
pBysrDpFxPgxQFj,0
bMkoQDbggBrQGMj,1
AmEIvXvhuKXnGWA,0
WIultGxCpnUMPcy,1
BYVZfDJbkKHhmla,1
LUjAWiJHGNycVem,1
HEGuCBfsrDqjssX,1
gEWyszNGgmNzUva,1
DoxsMgpbGQzSGcm,0
mmAXEwjukSogoac,0
OFQzRUSMOHuElot,1
zzizmXeiNVTkoVz,0
psBlWDSbyisvtLv,1
EyeSkUZunHAaeWL,1
WlqpDgvnrBZaULa,0
VDimsZFcNMWIBxG,0
oZBkCzenxsRPRfg,1
mYHLXZdroXCAnUs,0
SLufarLMtUcEmEL,0
iqXGdUCLOzUHfEI,0
CZUAgXCkDbSRthG,1
YhdfLevruudTTRJ,1
ZAcLovsCszWcqUy,0
wsGwtQgiGTNldAW,0
bBMQWzsQPWYrMPg,0
IFeuePWATDrWwcy,1
GeTIIdjDKQgYuhP,1
leEMumSCNVogGgM,0
qIZpYvrxKVGfNRQ,1
HFCSEbzaXUBNRbJ,1
hoLuzTYzVeeztkG,1
fyPPkMaLldBvMTY,1
trRMnNZvDnFMpvs,1
QHcsiIdVraczHag,1
PcaXhzlWyjPbrzP,1
RqLOdVmMdKfMBvt,1
armNdzbqmoUMFiL,0
PCxDqbnhXwRvQfE,1
IkKoCQQwTtgitHf,0
AEPaZSgFfneYkLS,1
genXazbHyEpCTmX,1
LbscTANozUVJVJz,1
lFwVPeyCWQccNnl,0
JyWRDDtPsKgRdVy,1
yohOylnpfFKwdTn,1
UcMWQCrVnVgdsOL,1
KHpEHMXsEQsartD,1
rWKFulnVgyfndCI,1
FkeEalyOZslKVBw,0
BaGkEaxFtglUKvf,1
IJZaGpmYEqBfxEA,0
fLBBhPWUdOBNtVh,0
ZIcnihapwUHlIdT,1
iiVtFehFYXYdruM,1
xmcovvTwuchNXGP,0
OxdPONJJimdLrbj,1
PCcJRtwWKubuQzR,1
bdPrSjEBlVmJHMj,1
xCyDcDFnFLpvduf,0
WqTNkWtSNUUcUSZ,0
GfhmecqfprFhZbE,1
UUnshDkamRvwmVU,1
UozoSrdhVMcKkOF,1
PuBGAWkqQmYmqhS,0
fJXYWdTVltuPmEn,1
UgoNzRiAbttJkwt,1
YjmVHUUcZIlPvxB,1
KBzJRYyMxvcWCYL,1
XaOScKtIXJEiGnU,1
jpKPxWXjqqzWULW,1
MJestlflSxrDhwI,0
QRbiHHeCOTJUNZt,1
pcRVxyWFNLgowIu,0
iVYBSgpLIumZNEI,1
ZUfBnHUuTpiqRry,1
ndBxCAOttByHTXd,1
vPOUXxufFYxOsIo,1
mCUwuxLXiIlFVkU,0
gxzaeIwqInVLIZU,1
NLGxQODGLzfnjzK,1
GKwHIlogUzRZBdu,1
dooMlsyvmkGyYdz,1
BTRLznlZobPLbgc,0
eavlYdRtmOuhRBm,0
vVOckqmWFiwSfWB,1
mLfBmJnixqECkJo,1
EbncKtENDdaCtjD,0
cdBECwwywpzwDIi,0
QNOsUjtmNSuXlAQ,1
fJIvscJpHQDvjnt,1
ZzuSqtqAztRggHA,1
BjgfHjXxhdgEkCf,0
SCyYyPeoPPINuSS,0
oVdijgrEkLvdxyQ,1
vJcLPsJQFxSYtef,1
LLbTETMSuIPZEML,0
QyQZhiLPzeCpZLl,0
YzlrWQcmHcLvGok,1
ynkudDJUQvMWOzT,1
UyRsAvoYvcgdcGF,1
cOaPZlBjngHCoDf,1
ndcnQyPoPnsZmdS,1
WsBGNgkWGjnzCMR,1
IGgWmGbclAJRilu,0
OryTsXWSHddwBIQ,1
YNwoeUiCoZDENdj,1
PybUrxeZJRuiYQu,0
wkEgNPqtdQVYaPn,1
prStoxcCqtLWCko,0
LsAhchbNHwUTEHR,1
vAkpgJAJLgmmozp,1
bbEyMrPncxeaYSS,1
PcdfvVUxBKzJyuV,1
DwSkmWvZIryNGAN,1
SvrGJxmQpiKGRfq,1
UMxIetyhQXLlxZG,1
dykXdhxmfnLafGQ,0
rfGHEJXBiAnMlii,1
dIFGITzjzXzgfxo,0
RedbzqgndUZLsss,0
OhXbXmthUNVFIOW,1
PsVcLurbELEyCzv,0
cwvtGrzHtYBDzgp,1
AEJGkTGsvGnwBVQ,1
CtbetQNNyPvkika,1
AbJCeYagetldFLS,1
CLPBlySgUTGcQyZ,0
dIHPKZYgGkTePOp,0
QmNjbVNPbxupRff,1
aIvGIHYNejNUarS,1
NdijQevlBWBIMFa,1
FkrUpwwAADPavFm,0
vYGYnVnSKZYIonU,0
fHFwnZxmJiyRNKs,1
LcdaRwrPyGYwJTJ,1
NiEYhgbzmHRUOwD,0
NOMpJGPDcUWjOkK,1
fqLboPOghcHQUIa,1
HsPaLEhujqQNhOd,1
vrztVtThpdXnclq,0
lxsvObXNIeLzOSZ,1
qzuDvqyrfvIgfZc,1
iUfmPXhbJMUmrwE,1
ouiiCVrtEZuuAFE,0
yXmqsYwdYZhmxdT,1
wYcdPuiEAEuKJnd,0
VXejGNymeSvBBkG,1
SFSQEUejfwvqQag,0
GCIRJxGTmYxHeHP,1
lvFFaEfqPdPCCAg,1
ZELRvrWkDbGuiBi,1
KXBMNdkhOOEUUIv,0
OcDDMEjZkIrUfjY,0
ujzQblyCwPcAHkf,1
tSJrOmSTPADytzC,0
NDsHsdYRMpAargs,1
mgXlLlhNIQkyOsM,0
HxAMmJfVrRFYvdo,1
AYNWCptcTAvAubC,1
ELzjGcxVisoYinO,1
XovJimbOiuUVxdI,1
rNOtjSotntIsBvG,1
vvjewHUhTJLUuno,1
imXCVZPNaIphLdW,0
bfSnuOQiLiSGYMH,0
fbLQGogJRqCYgZe,1
BbADzkTbDKTOlLF,1
DkcyExPiEaWKiLT,1
GmUTMPfeuwhcACb,1
bgrexaMQuBgBwal,1
GJOldoNlraAWuDQ,0
hUOoAQDxqqOPbME,0
yzvtaPJZIfkeMaW,1
euJlxliuHPgGmiS,0
JdMKpddGpaAEPRW,1
ZFrAHUhBAJlDLez,1
AQzzefJGjmEyzzo,1
dRaFSWGyZvCWjLu,1
EPPQujTAGoXMMHx,1
IsEIwzGHwjRQuBw,0
cmCSxweUuRWmRrf,1
qObPQSDEszoUKbU,0
AMieWBtjEbmFLkg,1
UwbUimwmXKnKHKD,0
mayfvmasfRluHDS,0
nejzCFfvyEnTYju,0
dfDYulmoQLXdCbt,1
SAYogamasXRGOqG,0
XpzbrxZGCQCsSQl,1
eGrcvEhdtMtKeyp,1
hqvqETrQIYdcknM,1
BltTLwMKcfJkcVR,1
tJmghpPStPVfxOJ,0
MTFOoyoJsmKPXHI,1
NjxCabWqSzFHIcn,1
wmpxHLeCUYfCGpz,1
JSnpkFBXNxSCtqW,0
iwTFTjwIJzhOuDG,0
MMgNQkHRhGJTTll,0
ZTaGGfOwRemLYjC,0
NgWoPjowPFpIowL,1
FXGHSoSaTBJRUSl,1
JvDANZwmHFjTgSA,1
DSovrrRDVhEiomC,0
DSpiIGAVEnUzhvw,1
FLwvMFWzxUgDoKq,0
PwBsORArgLwAzIo,1
yIpgIPbvCNRNFIE,0
FOIDsiireCAXEgR,0
MeSuNtGNHzWTnZw,0
mZeRvaOfYmoUEjX,1
BgJIoZAuWtwkKOh,1
rwqAoAOHdRrQkGU,0
EaxVgHpAOgufiSy,0
vwNypLMgaIGeGzx,1
WaVnkZYSCbUfggq,1
UHpupubyjlVNrrF,0
gueaoiiptFpfnqq,1
PiqmuLYZaScBHZN,1
bVHmVtHqrRzYvMP,0
McNFhsJPtbqnajF,1
jTOeXKvFfHsctcq,1
dZYkAsYQCOwfeQO,0
MMicjczIRFJOcWX,1
EtxlhZBzGVEooUm,1
cUwcEomusmWokAC,1
mBrVBxWksAQeNpP,0
dWQreFMJiZLEIhX,1
OVFUGjSfYhJyXME,0
qdIZIBmDxOYMJyv,1
msZtPyjJwWmDraR,1
KKAMdvSvWWZqMBZ,1
rvmGpbLflojNoVX,0
pjfTbrctxBUuopX,0
EBtZXxXfycMyfgZ,1
tkVLqsYeoBkHdDP,1
zpyHhRNRsvolDHD,1
VpKZadIvBBVVUqZ,1
hLKBCQaJlFVmTqr,1
arbJUJEHSkSQbTZ,1
iEwyDtLFPEYFeIT,1
cCuawwQCNnmkOCU,0
ajXSDoDtPexCbsF,1
gJuInawkNjjuevU,1
ouJTHUgsAJLMxHW,1
ycBQEyzgVDdDWjv,0
NZGvHasahIBsiKp,1
DFCNKXdwWLUHxop,0
uVWdiLMIoJRWgIk,0
dNUQmyaeOlPVfGx,1
hopglQNzlORhsiE,1
PoYNwOIClUbSzgl,1
FwOlyWfhUFkVrtz,1
DFmrUTVpvDNUuAi,1
SHghWCrQVWjLFmv,1
EtrSMgQTYUUvmbi,1
ClcGLwDLUDLvcdg,0
coPcYaWYiQWiWXz,1
hmYwWVssvOMJvWd,0
PJfbOBcQFNgoyGN,1
bbfNMKpgXuAIoXr,1
pnwdEqHVICAjriP,0
btnLCrLRoRgerDs,1
RZxsAAESJQJTUeQ,1
DHzpbswbqXxKMBa,1
fkARcRQsPwdstmT,1
ogNiTKJEmKJyqcv,1
VNFgChCAEanKnBW,1
toGjHmonoldqasu,1
XmzwMjkJgGoqRIk,0
OwwedPescAHlNSY,1
oMBBDCaHCUJEZwT,0
fZWJuCqaKJRiaQv,1
gwAjofVsNIjqvnx,1
FiSJEZHPgewRYxe,1
prhObJPXwiujEmY,0
NZCkawBsMvphFyg,0
ycUuFXlDNdKWJgn,1
ZQVOWVnrlGIEqmt,1
ojvotGmRFnwleCL,1
OdCZwrRVFqohDcO,1
uHYykktIkmGQLBK,1
bgqQDvrEaZqGLkQ,1
HqxTdpIbowHCnME,1
VDKsTeOLyqeKtGn,1
NoobvAnHLlBBxlQ,1
DYThQsxbcsqbsbD,1
ztorHQKWopYhlbU,1
lEAEUeRIAqvhNzf,0
GdduSlaHjFXhmVz,1
YyGKXKVCiQehMmK,0
bLqHLoFgCgtvSis,0
WLMZTtasiDVTgWi,0
wXelzQTbYShHkkF,1
QPfqMHlCMfcnsgN,1
VCJZjkfZYBmRFZT,0
IlifBVfGGNhEPdM,0
YjtihecPQRIvQtB,0
kdNVpVvenPxNOIn,1
RSWKlAMHRdopgUb,0
LsrljkqqRDWGjyW,1
efAiymKjksLDCYn,0
AYToEyUejmtjOjV,0
PpoXYNpceRIfxbR,0
lGFQPvqCpVrbXyh,0
ScvcrMvWzxYDXKT,0
yoCvGGTqBkvziFK,0
BmSrWvzrriPuQOh,0
HfXCITRCHqrLOda,1
uQLYKtTCnvWWGVu,1
gYWbwjUOZrOlTzQ,1
esJzIdnRkHNVvjq,1
